emp_id,emp_name,dept_id,salary,joining_date
1001,Employee_1,D001,50000,2023-01-01
1002,Employee_2,D002,50500,2023-01-02
1003,Employee_3,D003,51000,2023-01-03
1004,Employee_4,D004,51500,2023-01-04
1005,Employee_5,D005,52000,2023-01-05
1006,Employee_6,D001,52500,2023-01-06
1007,Employee_7,D002,53000,2023-01-07
1008,Employee_8,D003,53500,2023-01-08
1009,Employee_9,D004,54000,2023-01-09
1010,Employee_10,D005,54500,2023-01-10
1011,Employee_11,D001,55000,2023-01-11
1012,Employee_12,D002,55500,2023-01-12
1013,Employee_13,D003,56000,2023-01-13
1014,Employee_14,D004,56500,2023-01-14
1015,Employee_15,D005,57000,2023-01-15
1016,Employee_16,D001,57500,2023-01-16
1017,Employee_17,D002,58000,2023-01-17
1018,Employee_18,D003,58500,2023-01-18
1019,Employee_19,D004,59000,2023-01-19
1020,Employee_20,D005,59500,2023-01-20
1021,Employee_21,D001,60000,2023-01-21
1022,Employee_22,D002,60500,2023-01-22
1023,Employee_23,D003,61000,2023-01-23
1024,Employee_24,D004,61500,2023-01-24
1025,Employee_25,D005,62000,2023-01-25
1026,Employee_26,D001,62500,2023-01-26
1027,Employee_27,D002,63000,2023-01-27
1028,Employee_28,D003,63500,2023-01-28
1029,Employee_29,D004,64000,2023-01-29
1030,Employee_30,D005,64500,2023-01-30
1031,Employee_31,D001,65000,2023-01-31
1032,Employee_32,D002,65500,2023-02-01
1033,Employee_33,D003,66000,2023-02-02
1034,Employee_34,D004,66500,2023-02-03
1035,Employee_35,D005,67000,2023-02-04
1036,Employee_36,D001,67500,2023-02-05
1037,Employee_37,D002,68000,2023-02-06
1038,Employee_38,D003,68500,2023-02-07
1039,Employee_39,D004,69000,2023-02-08
1040,Employee_40,D005,69500,2023-02-09
1041,Employee_41,D001,70000,2023-02-10
1042,Employee_42,D002,70500,2023-02-11
1043,Employee_43,D003,71000,2023-02-12
1044,Employee_44,D004,71500,2023-02-13
1045,Employee_45,D005,72000,2023-02-14
1046,Employee_46,D001,72500,2023-02-15
1047,Employee_47,D002,73000,2023-02-16
1048,Employee_48,D003,73500,2023-02-17
1049,Employee_49,D004,74000,2023-02-18
1050,Employee_50,D005,74500,2023-02-19
1051,Employee_51,D001,75000,2023-02-20
1052,Employee_52,D002,75500,2023-02-21
1053,Employee_53,D003,76000,2023-02-22
1054,Employee_54,D004,76500,2023-02-23
1055,Employee_55,D005,77000,2023-02-24
1056,Employee_56,D001,77500,2023-02-25
1057,Employee_57,D002,78000,2023-02-26
1058,Employee_58,D003,78500,2023-02-27
1059,Employee_59,D004,79000,2023-02-28
1060,Employee_60,D005,79500,2023-03-01
1061,Employee_61,D001,80000,2023-03-02
1062,Employee_62,D002,80500,2023-03-03
1063,Employee_63,D003,81000,2023-03-04
1064,Employee_64,D004,81500,2023-03-05
1065,Employee_65,D005,82000,2023-03-06
1066,Employee_66,D001,82500,2023-03-07
1067,Employee_67,D002,83000,2023-03-08
1068,Employee_68,D003,83500,2023-03-09
1069,Employee_69,D004,84000,2023-03-10
1070,Employee_70,D005,84500,2023-03-11
1071,Employee_71,D001,85000,2023-03-12
1072,Employee_72,D002,85500,2023-03-13
1073,Employee_73,D003,86000,2023-03-14
1074,Employee_74,D004,86500,2023-03-15
1075,Employee_75,D005,87000,2023-03-16
1076,Employee_76,D001,87500,2023-03-17
1077,Employee_77,D002,88000,2023-03-18
1078,Employee_78,D003,88500,2023-03-19
1079,Employee_79,D004,89000,2023-03-20
1080,Employee_80,D005,89500,2023-03-21
1081,Employee_81,D001,90000,2023-03-22
1082,Employee_82,D002,90500,2023-03-23
1083,Employee_83,D003,91000,2023-03-24
1084,Employee_84,D004,91500,2023-03-25
1085,Employee_85,D005,92000,2023-03-26
1086,Employee_86,D001,92500,2023-03-27
1087,Employee_87,D002,93000,2023-03-28
1088,Employee_88,D003,93500,2023-03-29
1089,Employee_89,D004,94000,2023-03-30
1090,Employee_90,D005,94500,2023-03-31
1091,Employee_91,D001,95000,2023-04-01
1092,Employee_92,D002,95500,2023-04-02
1093,Employee_93,D003,96000,2023-04-03
1094,Employee_94,D004,96500,2023-04-04
1095,Employee_95,D005,97000,2023-04-05
1096,Employee_96,D001,97500,2023-04-06
1097,Employee_97,D002,98000,2023-04-07
1098,Employee_98,D003,98500,2023-04-08
1099,Employee_99,D004,99000,2023-04-09
1100,Employee_100,D005,99500,2023-04-10
